original_class_label,canonical_label,recommendation,justification,Unnamed: 4
acoustic panel,acoustic panel,,,
advertisement,sign,,,
air conditioner,air conditioner,,,
air conditioning,air conditioner,apply,Phrase/nominalization variant for the same appliance.,
air freshener,air freshener,,,
air heater,heater,,,
air hockey,air hockey,,,
air purifier,air purifier,,,
air refresher,air freshener,apply,Same general appliance, wording/power-source modifier is non-essential.
air vent fan,air vent,,,
aisle frame,aisle frame,,,
alarm,alarm,,,
alarm clock,clock,,,
alarm control,alarm controller,apply,Equivalent wording for the same control device.,
alarm controller,controller,,,
album,album,,,
albums,album,apply,Plurality/quantity does not change the object class.,
alcohol bottles,bottle,,,
american flag,flag,apply,Country modifier is non-essential to the general flag class.,
amplifier,amplifier,,,
antique clock,clock,apply,Style/mounting-location modifiers are non-essential, functional clock subtypes are kept separate.
antique telephone,phone,,,
antlers,trophy,,,
apple,fruit,,,
appliance,appliance,,,
apron,apron,,,
aquarium,aquarium,,,
arcade,arcade game,,,
arcade game,arcade game,,,
armchair,chair,,,
art frame,frame,apply,Content/style modifiers, all denote a general frame object. Specialized mirror/screen/shower frames remain distinct.
art piece,artwork,,,
art/clutter,clutter,,,
art/muscle shell,sculpture,,,
art/statue,sculpture,,,
artwork,artwork,,,
artwork frame,frame,apply,Content/style modifiers, all denote a general frame object. Specialized mirror/screen/shower frames remain distinct.
ashtray,ashtray,,,
audio cable,cable,,,
audio cables,audio cable,apply,Singular/plural normalization.,
audio player,audio player,,,
axe,axe,,,
baby chair,chair,,,
baby changing station,baby changing table,,,
baby changing table,baby changing table,,,
baby seat,chair,,,
backpack,bag,,,
backrest,backrest,,,
backsplash,backsplash,,,
bag,bag,,,
bag with sheets,bag,,,
bag with something,bag,,,
bags,bag,apply,"Plurality, size, material, or quantity is non-essential to the general bag class.",
ball,ball,,,
ball chair,chair,,,
ball pool,ball pool,,,
ball pouffe,footstool,,,
banner,sign,,,
bar,bar,,,
bar cabinet,cabinet,,,
bar chair,chair,,,
bar soap,soap,apply,Form/use modifiers are non-essential to the general soap class.,
barbecue,barbecue,,,
barbell,weight,,,
barrel,barrel,,,
base,base,,,
baseball bat,baseball bat,,,
baseball cap,hat,,,
basin,sink,,,
basin faucet,faucet,apply,Tap/faucet synonyms with location modifiers, same general water-control fixture.
basket,basket,,,
basket of fruits,fruit,,,
basket of something,basket,,,
basket of towels,basket,,,
basket with books,basket,,,
basket with clothes,basket,,,
basketball hoop,basketball hoop,,,
basketballs,basketballs,,,
baskets,basket,apply,Singular/plural normalization.,
bath,bathtub,,,
bath bar,bath curtain,,,
bath cabinet,bathroom cabinet,apply,Equivalent room/location wording for the same cabinet subtype.,
bath carpet,carpet,apply,"Location, material, and rolled-state modifiers are non-essential to the general carpet class.",
bath cosmetics,cosmetics,apply,"Singular/plural, quantity, and location modifiers; same general cosmetics class.",
bath curtain,curtain,,,
bath curtain bar,bath curtain,,,
bath dial,bathtub,,,
bath faucet,faucet,apply,Tap/faucet synonyms with location modifiers, same general water-control fixture.
bath grab bar,grab bar,,,
bath hanger,hanger,,,
bath mat,rug,,,
bath shelf,shelf,apply,Height/location modifiers are non-essential to the general shelf class, function/content-specific shelves remain separate.
bath shower,shower,,,
bath side table,side table,,,
bath sink,sink,apply,Room/shape wording and common synonym, same general sink/washbasin fixture.
bath tap,faucet,apply,Tap/faucet synonyms with location modifiers, same general water-control fixture.
bath towel,towel,apply,"Plurality, quantity, and location/use modifiers are non-essential to the general towel class; paper towels remain separate.",
bath towels,towel,apply,"Plurality, quantity, and location/use modifiers are non-essential to the general towel class; paper towels remain separate.",
bath tub,bathtub,apply,Spacing and location/style modifier, same general bathtub object.
bath utensil,bathroom utensil,apply,Room/location wording variants for the same generic bathroom-utensil label.,
bathmat,bath mat,apply,Spacing/location wording variants for the same bath mat class.,
bathrobe,clothes,,,
bathroom accessory,bathroom accessory,,,
bathroom art,artwork,,,
bathroom cabinet,cabinet,,,
bathroom cabinet door,cabinet door,apply,Parent-room/location modifier does not change the cabinet-door class.,
bathroom cabinet drawer,cabinet drawer,apply,Parent-room/location modifier does not change the cabinet-drawer class.,
bathroom counter,countertop,,,
bathroom glass,bathroom accessory,,,
bathroom mat,bath mat,apply,Spacing/location wording variants for the same bath mat class.,
bathroom rug,rug,,,
bathroom shelf,shelf,apply,Height/location modifiers are non-essential to the general shelf class, function/content-specific shelves remain separate.
bathroom stuff,bathroom utensil,,,
bathroom towel,towel,apply,"Plurality, quantity, and location/use modifiers are non-essential to the general towel class; paper towels remain separate.",
bathroom utensil,bathroom accessory,,,
bathroom utensils,bathroom utensil,apply,Room/location wording variants for the same generic bathroom-utensil label.,
bathtub,bathtub,,,
bathtub knob,bathtub,,,
bathtub platform,bathtub,,,
bathtub tap,faucet,apply,Tap/faucet synonyms with location modifiers, same general water-control fixture.
bathtub utensil,bathroom utensil,apply,Room/location wording variants for the same generic bathroom-utensil label.,
bean bag chair,beanbag chair,apply,Spacing/name variants for the same seating object.,
beanbag,beanbag chair,apply,Spacing/name variants for the same seating object.,
beanbag chair,chair,,,
bed,bed,,,
bed base,bed,,,
bed cabinet,bedside cabinet,apply,Placement wording, both denote a small cabinet beside a bed.
bed cabinet lamp,lamp,apply,Placement/style modifiers are non-essential to the general lamp class, specialized functional lamp types remain distinct.
bed comforter,bed sheet,,,
bed curtain,curtain,,,
bed for pet,pet bed,apply,Animal-species/word-order modifiers, same general pet-bed category.
bed ladder,bed ladder,,,
bed light,lamp,,,
bed sheet,blanket,,,
bed small,bed,apply,Size modifier is non-essential.,
bed stand,bed,,,
bed table,table,,,
bedding,bed,,,
bedframe,bed,,,
bedpost,bed,,,
bedroom table,table,,,
bedside cabinet,bedside table,apply,Placement wording, both denote a small cabinet beside a bed.
bedside cabinet door,cabinet door,apply,Parent-room/location modifier does not change the cabinet-door class.,
bedside cabinet drawer,cabinet drawer,apply,Parent-room/location modifier does not change the cabinet-drawer class.,
bedside lamp,lamp,apply,Placement/style modifiers are non-essential to the general lamp class, specialized functional lamp types remain distinct.
bedside table,side table,,,
beer crate,beer crate,,,
bell,bell,,,
belt,belt,,,
bench,bench,,,
beverage dispenser,beverage dispenser,,,
bicycle,bicycle,,,
bicycle helmet,bicycle helmet,,,
bicycle helmets,bicycle helmet,apply,Singular/plural normalization.,
bidet,toilet,,,
big bag,bag,apply,"Plurality, size, material, or quantity is non-essential to the general bag class.",
billiard balls,pool table,,,
billiard cue,pool table,,,
billiard cues,billiard cue,apply,Plurality and common synonym, same billiards implement.
bin,bin,,,
binder,document,,,
binders,binder,apply,Plurality/quantity does not change the object class.,
birdhouse,birdhouse,,,
blackboard,board,,,
blanket,blanket,,,
blanket basket,basket,,,
blankets,blanket,apply,Plurality/quantity and style/use modifier, same general blanket class.
blinds,window shade,,,
blouse,clothes,,,
board,board,,,
board game,board game,,,
board games,board game,apply,Singular/plural normalization.,
board with keys,board with keys,,,
boards,board,apply,Singular/plural normalization.,
boat model,model,apply,"Subject modifier describes what the scale model depicts, not its general object category.",
boiler,furnace,,,
bonsai tree,plant,,,
book,book,,,
book cabinet,cabinet,,,
book display,shelf,,,
book rack,shelf,,,
bookshelf,shelf,,,
bookstand,shelf,,,
boots,shoe,,,
bottle,bottle,,,
bottle dispenser,bottle dispenser,,,
bottle of detergent,detergent,apply,"Content, decoration, and plurality describe the bottle rather than a different underlying object class.",
bottle of soap,soap bottle,apply,"Content, decoration, and plurality describe the bottle rather than a different underlying object class.",
bottle of water,water bottle,apply,"Content, decoration, and plurality describe the bottle rather than a different underlying object class.",
bottle of wine,wine,apply,"Content, decoration, and plurality describe the bottle rather than a different underlying object class.",
bottle opener,bottle opener,,,
bottles,bottle,apply,"Content, decoration, and plurality describe the bottle rather than a different underlying object class.",
bottles of water,water bottle,apply,"Content, decoration, and plurality describe the bottle rather than a different underlying object class.",
bottles of wine,wine,apply,"Content, decoration, and plurality describe the bottle rather than a different underlying object class.",
bouquet,plant,,,
bowl,bowl,,,
bowl of fruit,fruit,,,
bowl of fruits,bowl of fruit,apply,Decoration/content and plurality are non-essential to the general bowl class.,
bowl of sweets,snack,,,
bowl with sweets,bowl of sweets,apply,Decoration/content and plurality are non-essential to the general bowl class.,
bowls,bowl,apply,Decoration/content and plurality are non-essential to the general bowl class.,
box,box,,,
box of food,box,apply,"Material, contents, plurality, or quantity do not change the general box class; dedicated functional boxes are kept separate.",
box of fruit,box,apply,"Material, contents, plurality, or quantity do not change the general box class; dedicated functional boxes are kept separate.",
box of paper,box,apply,"Material, contents, plurality, or quantity do not change the general box class; dedicated functional boxes are kept separate.",
box of something,box,apply,"Material, contents, plurality, or quantity do not change the general box class; dedicated functional boxes are kept separate.",
box of tissue,tissue,,,
box of tissues,box of tissue,,,
box pen,stationery,,,
box with books,box,apply,"Material, contents, plurality, or quantity do not change the general box class; dedicated functional boxes are kept separate.",
box with jewelry,box,apply,"Material, contents, plurality, or quantity do not change the general box class; dedicated functional boxes are kept separate.",
box with photos,box,apply,"Material, contents, plurality, or quantity do not change the general box class; dedicated functional boxes are kept separate.",
box with shoes,box,apply,"Material, contents, plurality, or quantity do not change the general box class; dedicated functional boxes are kept separate.",
box with tea,box,apply,"Material, contents, plurality, or quantity do not change the general box class; dedicated functional boxes are kept separate.",
box with toys,box,apply,"Material, contents, plurality, or quantity do not change the general box class; dedicated functional boxes are kept separate.",
boxes,box,apply,"Material, contents, plurality, or quantity do not change the general box class; dedicated functional boxes are kept separate.",
boxes with books,box,apply,"Material, contents, plurality, or quantity do not change the general box class; dedicated functional boxes are kept separate.",
boxing ring,boxing ring,,,
bread,bread,,,
bread bin,bread box,,,
bread box,bread box,,,
breadbox,bread box,apply,Spacing variant.,
bricks,bricks,,,
bridge,bridge,,,
briefcase,bag,,,
brochure,document,,,
brochures,brochure,apply,Singular/plural normalization.,
broom,broom,,,
broomstick,broom,,,
brush,brush,,,
brushes,brush,apply,Singular/plural normalization, functional brush subtypes remain distinct.
bucket,bucket,,,
buckets,bucket,apply,Singular/plural normalization.,
buffet,buffet,,,
bulletin board,board,,,
bunk bed,bed,,,
bureau,cabinet,,,
bust,sculpture,,,
button,button,,,
cabinet,cabinet,,,
cabinet /otherroom,cabinet,apply,"Annotation/context suffixes describe location or contents, not a different cabinet class.",
cabinet /w clutter,cabinet,apply,"Annotation/context suffixes describe location or contents, not a different cabinet class.",
cabinet /w cluttered art,cabinet,apply,"Annotation/context suffixes describe location or contents, not a different cabinet class.",
cabinet clutter,cabinet,apply,"Annotation/context suffixes describe location or contents, not a different cabinet class.",
cabinet counter,cabinet,,,
cabinet door,cabinet,,,
cabinet drawer,cabinet,,,
cabinet kitchen,kitchen cabinet,apply,Word-order and vertical-position modifiers, all are kitchen cabinets.
cabinet mirror,mirror,apply,"Location/context modifiers describe placement, not a different mirror class.",
cabinet parts,cabinet,,,
cabinet table,cabinet,,,
cable,cable,,,
cables,cable,apply,Singular/plural normalization.,
cage,cage,,,
cake,cake,,,
calculator,calculator,,,
calendar,calendar,,,
camera,camera,,,
camping chair,chair,,,
can,can,,,
can of paint,can,apply,Plurality/content modifier, same general can container.
canal,canal,,,
candelabra,candelabra,,,
candle,candle,,,
candle holder,candle holder,,,
candle stand,candle stand,,,
candlestick,candlestick,,,
canister,container,,,
canoe,canoe,,,
canopy,canopy,,,
cans,can,apply,Plurality/content modifier, same general can container.
cans of paint,can,apply,Plurality/content modifier, same general can container.
canvas,artwork,,,
cap,hat,,,
car,car,,,
car model,model,apply,"Subject modifier describes what the scale model depicts, not its general object category.",
card,card,,,
cardboard,cardboard,,,
cardboard box,box,apply,"Material, contents, plurality, or quantity do not change the general box class; dedicated functional boxes are kept separate.",
carpet,rug,,,
carpet roll,carpet,apply,"Location, material, and rolled-state modifiers are non-essential to the general carpet class.",
cart,cart,,,
case,box,,,
cases,case,apply,Singular/plural normalization, dedicated cases remain distinct.
cash register,cash register,,,
casket,casket,,,
cassette,cassette,,,
cat,cat,,,
cat bed,pet bed,apply,Animal-species/word-order modifiers, same general pet-bed category.
cat food,cat food,,,
cat food bag,cat food,,,
cat litter box,cat litter box,,,
cat toilet,cat litter box,,,
cat tree,cat tree,,,
cd,cd,,,
cd player,audio player,,,
cds,cd,apply,Plurality/quantity does not change the object class.,
ceiling arch,ceiling arch,,,
ceiling chassis,ceiling chassis,,,
ceiling decorative lamp,lamp,apply,Placement/style modifiers are non-essential to the general lamp class, specialized functional lamp types remain distinct.
ceiling fan,fan,,,
ceiling fan lamp,light,,,
ceiling fan vent,air vent fan,,,
ceiling fire detector,smoke detector,,,
ceiling fixture,light fixture,apply,Equivalent wording/location modifier for a general light fixture.,
ceiling hanger,hanger,,,
ceiling ladder,ceiling ladder,,,
ceiling lamp,lamp,apply,Placement/style modifiers are non-essential to the general lamp class, specialized functional lamp types remain distinct.
ceiling lamp hanger,lamp,,,
ceiling lamp rail,lamp,,,
ceiling light,light,,,
ceiling light fixture connection,lamp,,,
central heating furnace,furnace,,,
ceramics,ceramics,,,
chain,chain,,,
chair,chair,,,
chair /w clutter,chair,apply,"Context, shape, fold/state, and quantity modifiers are non-essential to the general chair class.",
chair stand,chair stand,,,
chaise,chair,,,
chaise longue,chaise,,,
chamber pot,toilet,,,
chandelier,light,,,
changing table,baby changing table,,,
charger,computer equipment,,,
chassis,chassis,,,
chess,board game,,,
chest,chest,,,
chest bench,bench,,,
chest drawer,chest of drawers,apply,Grammatical variants of the same furniture class.,
chest of drawer,chest of drawers,apply,Grammatical variants of the same furniture class.,
chest of drawers,drawer,,,
child car seat,child car seat,,,
christmas tree,christmas tree,,,
circular sofa,sofa,apply,Common synonym plus shape/quantity modifiers, same general sofa class.
clarinet,clarinet,,,
cleaner,cleaner,,,
cleaner bottle,soap bottle,apply,"Content, decoration, and plurality describe the bottle rather than a different underlying object class.",
cleaner brush,brush,,,
cleaning clutter,cleaner,,,
cleaning fluid,cleaner,,,
cleaning liquid,cleaner,,,
cleaning paper,cleaner,,,
cleaning paste,cleaner,,,
cleaning powders/ liquids,cleaner,,,
cleaning sponge,sponge,,,
cleaning spray,cleaner,,,
clock,clock,,,
closet,wardrobe,,,
closet area for hanging clothes,wardrobe,,,
closet door,closet door,,,
closet rod,clothes rack,,,
closet shelf,shelf,apply,Height/location modifiers are non-essential to the general shelf class, function/content-specific shelves remain separate.
closet shelving,shelf,,,
closet storage area,storage,,,
cloth,cloth,,,
cloth dryer,clothes dryer,apply,Wording variant for the same appliance.,
cloth hanger,clothes hanger,apply,Plurality and clothing-type wording, same general garment hanger.
cloth hangers,clothes hanger,apply,Plurality and clothing-type wording, same general garment hanger.
cloth holder,cloth holder,,,
clothes,clothes,,,
clothes bag,bag,,,
clothes container,clothes container,,,
clothes dryer,clothes dryer,,,
clothes hamper,laundry,,,
clothes hanger,hanger,,,
clothes hanger rod,clothes rack,,,
clothes on shelf,clothes,apply,State/location/quantity modifiers do not change the clothing class.,
clothes rack,clothes rack,,,
clothing stand,clothes rack,,,
clutter,clutter,,,
coach,sofa,,,
coaster,coaster,,,
coat,clothes,,,
coat hanger,clothes hanger,apply,Plurality and clothing-type wording, same general garment hanger.
coat rack,clothes rack,,,
coffee machine,coffee maker,apply,Common synonyms for the same appliance.,
coffee maker,coffee maker,,,
coffee mug,cup,,,
coffee table,coffee table,,,
compressor,compressor,,,
computer,computer,,,
computer chair,office chair,apply,Equivalent usage/context labels for the same desk/office seating class.,
computer desk,desk,,,
computer equipment,computer equipment,,,
computer mouse,computer equipment,,,
computer tower,computer,,,
condensation furnace,furnace,,,
condiment,spices,,,
cone,cone,,,
conference phone,phone,,,
console,game console,,,
console pad,game console,,,
console pad charger,game console,,,
construction stuff,construction stuff,,,
container,container,,,
containers,container,apply,Singular/plural normalization.,
control,controller,,,
control panel,controller,,,
controller,controller,,,
cook book,book,,,
cooker,oven,,,
cooker hood,extractor hood,apply,Common names/location wording for the same kitchen extraction appliance.,
cookies,snack,,,
copier,printer,,,
copier machine,printer,,,
cork board,board,,,
cosmetic,cosmetics,apply,"Singular/plural, quantity, and location modifiers; same general cosmetics class.",
cosmetics,cosmetics,,,
couch,sofa,apply,Common synonym plus shape/quantity modifiers, same general sofa class.
counter,countertop,,,
counter desk,desk,,,
counter door,counter door,,,
countertop,countertop,,,
countertop /otherroom,countertop,apply,Annotation location suffix is non-semantic.,
countertop item,countertop item,,,
cover,cover,,,
cradle,bed,,,
crate,box,,,
crayon,pen,,,
crib,bed,,,
cross,cross,,,
cross-trainer,exercise equipment,,,
crutches,crutches,,,
cuddly toy,toy,,,
cup,cup,,,
cups,cup,,,
curb,curb,,,
curtain,curtain,,,
curtain bar,curtain,,,
curtain box,curtain,,,
curtain hanger,curtain,,,
curtain rail,curtain,,,
curtain rod,curtain,,,
curtain rod cover,curtain,,,
curtain valence,curtain,,,
cushion,cushion,,,
cutlery,cutlery,,,
cutting board,kitchen utensil,,,
cyp,cyp,,,
dartboard,dartboard,,,
deck chair,chair,,,
decoder,decoder,,,
decor,decoration,,,
decoration,decoration,,,
decorative bottle,bottle,apply,"Content, decoration, and plurality describe the bottle rather than a different underlying object class.",
decorative bowl,bowl,apply,Decoration/content and plurality are non-essential to the general bowl class.,
decorative ceramic,decoration,,,
decorative cloth,cloth,apply,Decorative style modifier is non-essential.,
decorative dinnerware,dinnerware,apply,Decorative style modifier is non-essential.,
decorative frame,frame,apply,Content/style modifiers, all denote a general frame object. Specialized mirror/screen/shower frames remain distinct.
decorative lamp,lamp,apply,Placement/style modifiers are non-essential to the general lamp class, specialized functional lamp types remain distinct.
decorative lantern,light,,,
decorative mask,decoration,,,
decorative plant,plant,apply,Decorative modifier is non-essential.,
decorative plate,plate,apply,"Plurality, quantity, and decorative style are non-essential; non-dish plates such as steel plate remain separate.",
decorative quilt,blanket,,,
decorative tray,tray,apply,Style/quantity modifiers are non-essential, functional tray subtypes remain distinct.
decorative vase,vase,apply,Style/content-context modifiers are non-essential to the general vase class.,
decorative vessel,vessel,apply,Decorative style modifier is non-essential.,
dehumidifier,dehumidifier,,,
den,den,,,
desk,desk,,,
desk cabinet,cabinet,,,
desk chair,office chair,apply,Equivalent usage/context labels for the same desk/office seating class.,
desk clutter,clutter,,,
desk door,desk door,,,
desk lamp,lamp,apply,Placement/style modifiers are non-essential to the general lamp class, specialized functional lamp types remain distinct.
desk organizer,stationery,,,
detergent,cleaner,,,
detergent bottle,soap bottle,apply,"Content, decoration, and plurality describe the bottle rather than a different underlying object class.",
device,electrical device,,,
dining chair,chair,,,
dining table,table,,,
dinner chair,dining chair,apply,Equivalent wording for the same functional chair subtype.,
dinner table,dining table,apply,Equivalent wording for the same functional table subtype.,
dinnerware,dinnerware,,,
diploma,diploma,,,
dirt ground,dirt ground,,,
dish,dinnerware,,,
dish cabinet,cabinet,,,
dish dryer,dish rack,,,
dish rack,dish rack,,,
dishes,dinnerware,,,
dishrag,rag,,,
dishwasher,dishwasher,,,
dispenser,dispenser,,,
display,display case,,,
display cabinet,cabinet,,,
display case,display case,,,
display of pictures,picture,apply,Plurality/quantity/display-context modifiers, same general picture class.
display table,table,,,
document,document,,,
document holder,document holder,,,
dog bed,pet bed,apply,Animal-species/word-order modifiers, same general pet-bed category.
dog leash,dog leash,,,
dog toy,dog toy,,,
doily,doily,,,
doll,doll,,,
door cabinet,cabinet,,,
door screen,door screen,,,
doormat,rug,,,
double armchair,armchair,apply,"Size, quantity, or placement/context modifier; all are armchairs.",
draw,drawer,,,
drawer,drawer,,,
drawer cabinet,cabinet,,,
drawer cart,drawer cart,,,
drawer desk,desk,,,
drawer sink table,sink,,,
drawers,drawer,apply,Singular/plural normalization.,
drawers for clothes,drawer,,,
drawing,artwork,,,
dress,clothes,,,
dresser,drawer,,,
dressing table,dressing table,,,
dried flowers,flower,apply,State/plural modifier is non-essential to the general flower class.,
drill,drill,,,
drinking fountain,water dispenser,,,
drum,drum,,,
dumbbell,weight,,,
dustbin,trash can,apply,Spacing/common synonym normalization.,
dustpan,dustpan,,,
duvet,blanket,,,
dvd,dvd,,,
dvd player,audio player,,,
easel,easel,,,
easy chair,chair,,,
electric box,electrical box,,,
electric cable,cable,,,
electric cord,cable,,,
electric device,electrical device,,,
electric drum,drum,,,
electric freshener,air freshener,apply,Same general appliance, wording/power-source modifier is non-essential.
electric guitar,guitar,,,
electric heater,heater,,,
electric hub,electric hub,,,
electric installation,electrical installation,,,
electric kettle,kettle,,,
electric outlet,outlet,,,
electric percussion,drum,,,
electric plug,outlet,,,
electric toothbrush,toothbrush,,,
electric wire,cable,,,
electric wire casing,electric wire casing,,,
electrical box,electrical box,,,
electrical controller,controller,,,
electrical device,electrical device,,,
electrical installation,electrical installation,,,
electrical switchboard,electrical box,,,
electricity box,electrical box,,,
electronics,electrical device,,,
elephant sculpture,sculpture,,,
elevator,elevator,,,
emergency sign,sign,,,
end table,side table,,,
entertainment set,tv stand,,,
entry phone,phone,,,
exercise ball,exercise ball,,,
exercise bike,exercise bike,,,
exercise equipment,exercise equipment,,,
exercise ladder,exercise ladder,,,
exercise machine,exercise equipment,,,
exercise mat,exercise mat,,,
exercise mat roll,exercise mat,,,
exercising blocks,exercise equipment,,,
exhibition panel,exhibition panel,,,
exhibition picture,picture,apply,Plurality/quantity/display-context modifiers, same general picture class.
exhibition table,table,,,
exit sign,sign,,,
extension cord,cable,,,
extension lead,cable,,,
extractor,extractor hood,apply,Common names/location wording for the same kitchen extraction appliance.,
extractor hood,extractor hood,,,
eyeglasses,eyeglasses,,,
fan,fan,,,
fan air vent,air vent fan,,,
fan coil,air conditioner,,,
faucet,faucet,,,
figure,sculpture,,,
figurine,sculpture,,,
file,document,,,
file binder,document,,,
file cabinet,cabinet,,,
fire alarm,smoke detector,,,
fire detector,smoke detector,,,
fire extinguisher,fire extinguisher,,,
fire pit,fireplace,,,
fire screen,fireplace,,,
fire sprinkler,sprinkler,,,
firebox,fireplace,,,
fireplace,fireplace,,,
fireplace brush,fireplace tool set,,,
fireplace mirror,mirror,apply,"Location/context modifiers describe placement, not a different mirror class.",
fireplace sconce,light,,,
fireplace shelf,shelf,,,
fireplace tool set,fireplace tool set,,,
fireplace utensil,fireplace tool set,,,
firewood,firewood,,,
firewood bag,firewood,,,
firewood chest,firewood,,,
firewood holder,firewood,,,
fish tank,aquarium,,,
fishing pole,fishing rod,,,
fishing rod,fishing rod,,,
fitness ball,exercise ball,apply,Common synonyms for the same exercise object.,
flag,flag,,,
flashlight,flashlight,,,
flatware,cutlery,,,
floor lamp,lamp,apply,Placement/style modifiers are non-essential to the general lamp class, specialized functional lamp types remain distinct.
floor mat,rug,,,
floor stand,floor stand,,,
flower,plant,,,
flower stand,flower stand,,,
flower vase,vase,apply,Style/content-context modifiers are non-essential to the general vase class.,
flowerbed,flowerbed,,,
flowerpot,plant,,,
fluorescent light,light,,,
flush,flush,,,
flush button,flush button,,,
flush push,flush push,,,
foam,foam,,,
folded chair,chair,apply,"Context, shape, fold/state, and quantity modifiers are non-essential to the general chair class.",
folded table,table,apply,Folded state is non-essential, functional table subtypes remain distinct.
folder,document,,,
folding chair,chair,apply,"Context, shape, fold/state, and quantity modifiers are non-essential to the general chair class.",
folding stand,folding stand,,,
food,food,,,
food processor,food processor,,,
food stand,food stand,,,
food tray,tray,,,
foosball game table,foosball table,,,
foosball table,foosball table,,,
foot spa,foot spa,,,
foot stand,footstool,,,
football,football,,,
footrest,footstool,,,
footstool,footstool,,,
fork,cutlery,,,
frame,frame,,,
framed text,artwork,,,
freezer,refrigerator,,,
fridge,refrigerator,apply,Common synonym and size modifier, same general appliance.
fruit,fruit,,,
fruit bowl,bowl,apply,Decoration/content and plurality are non-essential to the general bowl class.,
frying pan,pan,,,
fume cupboard,fume cupboard,,,
fur,fur,,,
fur carpet,carpet,apply,"Location, material, and rolled-state modifiers are non-essential to the general carpet class.",
furnace,furnace,,,
furniture,furniture,,,
fuse box,electrical box,,,
fuse panel,fuse box,,,
game,game,,,
game board,board game,,,
game console,game console,,,
gap,gap,,,
garage door motor,garage door motor,,,
garage door opener,garage door opener,,,
garage door opener bar,garage door opener railing,,,
garage door opener motor,garage door motor,,,
garage door opener railing,garage door opener railing,,,
garage door railing,garage door opener railing,,,
garage light,light,,,
garden bench,bench,apply,Material/location/generic-use modifiers, specialized functional benches remain distinct.
garden chair,chair,,,
gas box,gas box,,,
gas container,gas container,,,
gas furnace,furnace,,,
gas meter,gas meter,,,
gauge,gauge,,,
gift,gift,,,
glass,glass,,,
glass container,container,,,
glasses,glasses,,,
globe,globe,,,
globe stand,globe stand,,,
gloves,gloves,,,
glue,glue,,,
goalpost,goalpost,,,
golf sticks,golf sticks,,,
grab bar,grab bar,,,
gramophone,audio player,,,
grandfather clock,clock,,,
grass,grass,,,
grate,grate,,,
gravel,gravel,,,
grill,barbecue,,,
groceries,groceries,,,
guitar,guitar,,,
guitar case,guitar,,,
guitar case cover,guitar case,,,
guitar cases,guitar case,apply,Singular/plural normalization.,
guitar frame,guitar,,,
guitar pedals,guitar,,,
guitar stand,guitar,,,
guitar straps,guitar,,,
gun,gun,,,
gym equipment,exercise equipment,apply,Location/context synonym, same generic equipment class.
gym mat,exercise mat,apply,Usage/context modifiers are non-essential to the general exercise-mat class.,
gym rope,gym rope,,,
gym stepper,exercise equipment,,,
hair brush,hair brush,,,
hair dryer,hair dryer,,,
hammer,hammer,,,
hammock,hammock,,,
hand cloth,towel,,,
hand dryer,hand dryer,,,
hand soap,soap,apply,Form/use modifiers are non-essential to the general soap class.,
hand towel,towel,apply,"Plurality, quantity, and location/use modifiers are non-essential to the general towel class; paper towels remain separate.",
handbag,bag,,,
handcart,handcart,,,
handkerchiefs,handkerchiefs,,,
handle,handle,,,
hanger,hanger,,,
hanging clothes,clothes,apply,State/location/quantity modifiers do not change the clothing class.,
hat,hat,,,
hatch,hatch,,,
hats,hat,,,
headboard,headboard,,,
headphones,headphones,,,
headset,headphones,,,
hearth,fireplace,,,
heater,heater,,,
heater piping,heater piping,,,
hi-hat,drum,,,
hi-hat stand,hi-hat,,,
high shelf,shelf,apply,Height/location modifiers are non-essential to the general shelf class, function/content-specific shelves remain separate.
highchair,chair,,,
holder,holder,,,
hole puncher,stationery,,,
holy cross,holy cross,,,
hook,hook,,,
hose,hose,,,
hot water/cold water knob,faucet,,,
hourglass,hourglass,,,
hoverboard,hoverboard,,,
hunting trophy,trophy,,,
hutch,cabinet,,,
ice maker,ice maker,,,
icebox,refrigerator,,,
identifier,sign,,,
information,information,,,
installation,installation,,,
instrument,instrument,,,
iron,iron,,,
iron board,ironing board,,,
ironing board,ironing board,,,
island,kitchen island,,,
jacket,clothes,,,
jacuzzi,bathtub,,,
jar,container,,,
jars,container,,,
jewelry,jewelry,,,
jewelry box,jewelry,,,
jug,jug,,,
junk,clutter,,,
keg,keg,,,
kettle,kettle,,,
keyboard,computer equipment,,,
keyboard box,piano,,,
keyboard cover,piano,,,
keyboard piano,piano,,,
keyboard stand,piano,,,
keys,keys,,,
kitchen appliance,kitchen appliance,,,
kitchen cabinet,cabinet,,,
kitchen cabinet door,cabinet door,apply,Parent-room/location modifier does not change the cabinet-door class.,
kitchen cabinet drawer,cabinet drawer,apply,Parent-room/location modifier does not change the cabinet-drawer class.,
kitchen cabinet lower,kitchen cabinet,apply,Word-order and vertical-position modifiers, all are kitchen cabinets.
kitchen chair,chair,,,
kitchen counter,countertop,,,
kitchen counter item,countertop item,apply,Location/plural wording variants for the same generic countertop-item label.,
kitchen counter support,kitchen counter,,,
kitchen countertop item,countertop item,apply,Location/plural wording variants for the same generic countertop-item label.,
kitchen countertop items,countertop item,apply,Location/plural wording variants for the same generic countertop-item label.,
kitchen decoration,decoration,,,
kitchen extractor,extractor hood,apply,Common names/location wording for the same kitchen extraction appliance.,
kitchen gloves,gloves,,,
kitchen handle,kitchen handle,,,
kitchen island,kitchen island,,,
kitchen knife set,knife,apply,Quantity/set and room-use modifiers, same underlying knife class.
kitchen lower cabinet,kitchen cabinet,apply,Word-order and vertical-position modifiers, all are kitchen cabinets.
kitchen lower shelf,shelf,apply,Height/location modifiers are non-essential to the general shelf class, function/content-specific shelves remain separate.
kitchen seating,chair,,,
kitchen shelf,shelf,apply,Height/location modifiers are non-essential to the general shelf class, function/content-specific shelves remain separate.
kitchen sink,sink,apply,Room/shape wording and common synonym, same general sink/washbasin fixture.
kitchen sink cabinet,cabinet,,,
kitchen table,table,,,
kitchen top,countertop,,,
kitchen towel,towel,apply,"Plurality, quantity, and location/use modifiers are non-essential to the general towel class; paper towels remain separate.",
kitchen utensil,kitchen utensil,,,
kitchen utensils,kitchen utensil,apply,Singular/plural normalization.,
kitchenware,kitchen utensil,,,
knife,knife,,,
knife holder,knife,,,
knife set,knife,apply,Quantity/set and room-use modifiers, same underlying knife class.
knife stand,knife,,,
knob,knob,,,
l-shaped sofa,sofa,apply,Common synonym plus shape/quantity modifiers, same general sofa class.
lace doily,lace doily,,,
ladder,ladder,,,
lamp,light,,,
lamp shade,lampshade,apply,Spacing variant.,
lamp stand,lamp,,,
lamp table,side table,,,
lampshade,lamp,,,
landing,landing,,,
lantern,light,,,
laptop,computer,,,
laundry,laundry,,,
laundry bag,laundry,,,
laundry basket,laundry,,,
laundry machine,washing machine,apply,Common wording for the same appliance.,
lawn,grass,,,
lawn mower,lawn mower,,,
leaflets,document,,,
led tv,tv,apply,Display technology and mounting-location modifiers are non-essential.,
leg rest,footstool,,,
level,level,,,
lid,lid,,,
light,light,,,
light fixture,light,,,
light switch,switch,,,
lighter,lighter,,,
lighting fixture,light fixture,apply,Equivalent wording/location modifier for a general light fixture.,
liquid,liquid,,,
liquid cleaner,cleaner,,,
liquid container,container,,,
liquid soap,soap,apply,Form/use modifiers are non-essential to the general soap class.,
locker,locker,,,
lounge chair,chair,,,
lounger,chair,,,
lower cabinet,cabinet,,,
luggage,bag,,,
machine,machine,,,
magazine,document,,,
magazine rack,shelf,,,
magazines,magazine,apply,Plurality/quantity does not change the object class.,
magic marker,pen,,,
magic marker box,magic marker,,,
mail,document,,,
mailbox,mailbox,,,
makeup accessories,cosmetics,,,
mannequin,mannequin,,,
mantel,fireplace,,,
mantle,mantel,apply,Spelling variant in this context.,
map,map,,,
mascot,mascot,,,
mascots,mascot,apply,Singular/plural normalization.,
massage bed,massage bed,,,
mat,rug,,,
material,material,,,
measuring tape,measuring tape,,,
medal,trophy,,,
medal collection,trophy,,,
media console,tv stand,,,
medical lamp,medical lamp,,,
medical object,medical object,,,
menu,menu,,,
menu board,board,,,
meshwork,meshwork,,,
meter,meter,,,
microphone,microphone,,,
microphone accessory,microphone accessory,,,
microwave,microwave,,,
mini fridge,refrigerator,apply,Common synonym and size modifier, same general appliance.
mirror,mirror,,,
mirror /otherroom,mirror,apply,"Location/context modifiers describe placement, not a different mirror class.",
mirror door,mirror,,,
mirror frame,mirror,,,
mixer,food processor,,,
mobile,phone,,,
model,model,,,
modem,modem,,,
monitor,screen,,,
moose head/sculpture/hunting trophy,trophy,,,
mop,mop,,,
mortar,mortar,,,
motion detector,sensor,,,
motorcycle,motorcycle,,,
mouse,computer mouse,apply,The explicit computer term and generic label refer to the same indoor device in this vocabulary.,
mousepad,computer equipment,,,
mug,cup,,,
music album shelf,shelf,,,
music equipment,music equipment,,,
music equipment stand,music equipment stand,,,
music player,audio player,,,
music stand,music stand,,,
napkin,napkin,,,
napkins,napkin,apply,Singular/plural normalization.,
newspaper,document,,,
newspaper basket,basket,,,
night lamp,lamp,apply,Placement/style modifiers are non-essential to the general lamp class, specialized functional lamp types remain distinct.
nightstand,nightstand,,,
note,document,,,
note board,board,,,
notebook,stationery,,,
notebooks,notebook,apply,Singular/plural normalization.,
notes,document,,,
oar,oar,,,
object,object,,,
objects,objects,,,
office chair,chair,,,
office table,table,,,
oil lamp,light,,,
ornament,decoration,,,
ottoman,footstool,,,
outlet,outlet,,,
oven,oven,,,
oven and stove,oven,,,
oven vent,extractor hood,,,
overhang,overhang,,,
package,box,,,
pad,pad,,,
painting,artwork,,,
painting /otherroom,painting,apply,Annotation location suffix is non-semantic.,
painting frame,frame,apply,Content/style modifiers, all denote a general frame object. Specialized mirror/screen/shower frames remain distinct.
painting roll,painting stuff,,,
painting rolls,painting roll,apply,Singular/plural normalization.,
painting stuff,painting stuff,,,
painting tray,painting stuff,,,
pan,pan,,,
panel,panel,,,
panel screen,screen,,,
pantry,pantry,,,
paper,document,,,
paper holder,paper holder,,,
paper storage,paper storage,,,
paper towel,paper towel,,,
paper towel dispenser,paper towel,,,
paper towel holder,paper towel,,,
paper towels,paper towel,apply,Singular/plural normalization.,
papers,paper,apply,Plurality/quantity does not change the class.,
parapet,parapet,,,
partial,partial,,,
patio chair,chair,,,
pavement,pavement,,,
payment terminal,cash register,,,
pc tower,computer tower,apply,Abbreviation/synonym normalization.,
pedestal,pedestal,,,
pen,pen,,,
pen cup,stationery,,,
pen drive,computer equipment,,,
pencil,pen,,,
pencil case,stationery,,,
pencil holder,stationery,,,
pendant,pendant,,,
perfume,cosmetics,,,
pet bed,pet bed,,,
pet bowl,pet bowl,,,
phone,phone,,,
photo,artwork,,,
photo mount,photo mount,,,
photo mounts,photo mount,apply,Singular/plural normalization.,
photo stand,photo stand,,,
photos,photo,apply,Singular/plural normalization.,
piano,piano,,,
piano bench,piano,,,
piano stool,piano,,,
picture,artwork,,,
picture frame,frame,apply,Content/style modifiers, all denote a general frame object. Specialized mirror/screen/shower frames remain distinct.
pictures,picture,apply,Plurality/quantity/display-context modifiers, same general picture class.
pile of magazines,magazine,apply,Plurality/quantity does not change the object class.,
pillow,pillow,,,
pillow seat,chair,,,
ping pong table,table tennis table,,,
pitcher,jug,,,
pitchfork,pitchfork,,,
place mat,place mat,,,
plane,plane,,,
plank,plank,,,
planner,document,,,
plant,plant,,,
plant ornament,plant ornament,,,
plastic bag,bag,apply,"Plurality, size, material, or quantity is non-essential to the general bag class.",
plate,dinnerware,,,
plate of food,food,,,
plates,plate,apply,"Plurality, quantity, and decorative style are non-essential; non-dish plates such as steel plate remain separate.",
platform,platform,,,
platter,dinnerware,,,
playpen,playpen,,,
plenum box,plenum box,,,
pliers,pliers,,,
plug,outlet,,,
plumbing,plumbing,,,
plunger,plunger,,,
plush toy,toy,,,
podium,podium,,,
pole,pole,,,
poles,pole,apply,Singular/plural normalization.,
pool,pool,,,
pool stick,billiard cue,apply,Plurality and common synonym, same billiards implement.
pool table,pool table,,,
porcelain,porcelain,,,
portrait,artwork,,,
poster,poster,,,
pot,pot,,,
pot lid,pot lid,,,
potty,toilet,,,
pouches,pouches,,,
pouffe,footstool,,,
powder soap,soap,apply,Form/use modifiers are non-essential to the general soap class.,
power breaker box,electrical box,,,
power cord,cable,,,
power strip,outlet,,,
press,press,,,
pressure washer,pressure washer,,,
price tag,sign,,,
printer,printer,,,
product,product,,,
product box,box,apply,"Material, contents, plurality, or quantity do not change the general box class; dedicated functional boxes are kept separate.",
product boxes,box,apply,"Material, contents, plurality, or quantity do not change the general box class; dedicated functional boxes are kept separate.",
products,products,,,
projector,projector screen,,,
projector screen,screen,,,
prop,prop,,,
pump,pump,,,
punchbag,punchbag,,,
puppet,puppet,,,
purse,bag,,,
rack,shelf,,,
rack of weights,weight,,,
rack with shoes,shoe rack,,,
radiator,heater,,,
radio,audio player,,,
rag,rag,,,
ragdoll,toy,,,
ragdoll cat,ragdoll,,,
rail,rail,,,
rake,rake,,,
range hood,extractor hood,apply,Common names/location wording for the same kitchen extraction appliance.,
receipt printer,receipt printer,,,
receipt spike,receipt printer,,,
recliner,chair,,,
record player,audio player,,,
records,records,,,
recuperator,recuperator,,,
recycle bin,bin,,,
refrigerator,refrigerator,,,
refrigerator cabinet,refrigerator,,,
relief,sculpture,,,
remote control,remote control,,,
rice cooker,rice cooker,,,
riser,riser,,,
robe,clothes,,,
rock,stone,,,
rocking chair,chair,,,
rocking horse,rocking horse,,,
rod,rod,,,
rods,rod,apply,Singular/plural normalization.,
roll,roll,,,
rolled carpet,carpet,apply,"Location, material, and rolled-state modifiers are non-essential to the general carpet class.",
rolling pin,kitchen utensil,,,
roomba,vacuum cleaner,,,
rope,rope,,,
round chair,chair,apply,"Context, shape, fold/state, and quantity modifiers are non-essential to the general chair class.",
round cushion,cushion,apply,Shape modifier is non-essential.,
router,router,,,
row of theater chairs,chair,,,
rug,rug,,,
ruler,stationery,,,
safe,safe,,,
salt and pepper,spices,,,
salt and pepper grinder,spices,,,
salver,dinnerware,,,
sandals,shoe,,,
saturator,saturator,,,
sauna,sauna,,,
sauna bowl,sauna,,,
sauna heat rocks,sauna,,,
sauna heater,sauna,,,
sauna oven,sauna,,,
sauna seat,sauna,,,
sauna support,sauna,,,
saw,saw,,,
saxophone,saxophone,,,
scale,scale,,,
scanner,scanner,,,
scarf,clothes,,,
schedule,document,,,
sconce,light,,,
scoop,kitchen utensil,,,
screen,screen,,,
screen frame,screen frame,,,
screw box,tool rack,,,
screwdriver,screwdriver,,,
sculpture,sculpture,,,
seat,chair,,,
secretary,desk,,,
security camera,security camera,,,
security detector,sensor,,,
self-closing mechanism,self-closing mechanism,,,
sensor,sensor,,,
separator,separator,,,
set of armchairs,armchair,apply,"Size, quantity, or placement/context modifier; all are armchairs.",
set of boxes,box,apply,"Material, contents, plurality, or quantity do not change the general box class; dedicated functional boxes are kept separate.",
set of cosmetics,cosmetics,apply,"Singular/plural, quantity, and location modifiers; same general cosmetics class.",
set of hangers,clothes hanger,apply,Plurality and clothing-type wording, same general garment hanger.
set of knives,knife,apply,Quantity/set and room-use modifiers, same underlying knife class.
set of pictures,picture,apply,Plurality/quantity/display-context modifiers, same general picture class.
set of towels,towel,apply,"Plurality, quantity, and location/use modifiers are non-essential to the general towel class; paper towels remain separate.",
set of valves,set of valves,,,
sewing box,sewing tools,,,
sewing machine,sewing machine,,,
sewing set,sewing tools,,,
sewing tools,sewing tools,,,
shade,window shade,,,
shade rail,window shade,,,
shades,window shade,,,
shampoo,shampoo,,,
sheet,blanket,,,
sheet music,sheet music,,,
sheet music stand,music stand,apply,Quantity and wording variant, both refer to stands for sheet music.
sheets,sheet,apply,Singular/plural normalization.,
sheets / clothes,sheets / clothes,,,
shelf,shelf,,,
shelf / cabinet,cabinet,,,
shelf clutter,shelf,,,
shelf cubby,shelf,,,
shelf with art,shelf,,,
shelf with clutter,shelf,,,
shelf with cosmetics,cosmetics,,,
shelf with shoes,shoe rack,,,
shelving,shelf,,,
ship model,model,apply,"Subject modifier describes what the scale model depicts, not its general object category.",
ship toy,ship toy,,,
shirt,clothes,,,
shisha,shisha,,,
shoe,shoe,,,
shoe cabinet,shoe rack,,,
shoe case,shoe rack,,,
shoe rack,shoe rack,,,
shoe shelf,shoe rack,,,
shoehorn,shoehorn,,,
shoes,shoe,apply,Plurality/quantity/location state does not change the shoe class.,
shoes on shelf,shoe,apply,Plurality/quantity/location state does not change the shoe class.,
shoes rack,shoe rack,apply,Grammatical variant.,
shop shelf,shelf,,,
shoulder bag,bag,,,
shovel,shovel,,,
shower,shower,,,
shower bar,shower curtain,,,
shower base,shower,,,
shower battery,shower control,,,
shower bench,shower seat,,,
shower cabin,shower,,,
shower cabinet,shower,,,
shower caddy,shower,,,
shower case,shower,,,
shower ceiling lamp,lamp,apply,Placement/style modifiers are non-essential to the general lamp class, specialized functional lamp types remain distinct.
shower cockpit,shower,,,
shower control,shower,,,
shower cosmetics,cosmetics,apply,"Singular/plural, quantity, and location modifiers; same general cosmetics class.",
shower curtain,curtain,,,
shower curtain bar,shower grab bar,,,
shower curtain rod,shower curtain,,,
shower dial,shower control,,,
shower door frame,shower,,,
shower door handle,shower door handle,,,
shower door knob,shower door handle,,,
shower frame,shower,,,
shower glass,shower,,,
shower grab bar,grab bar,,,
shower handle,shower door handle,,,
shower handrail,shower grab bar,,,
shower hanger,hanger,,,
shower hose,shower,,,
shower hose/head,shower hose,,,
shower knob,shower control,,,
shower mat,rug,,,
shower mirror,mirror,apply,"Location/context modifiers describe placement, not a different mirror class.",
shower rail,shower,,,
shower rod,shower,,,
shower seat,shower seat,,,
shower shelf,shelf,apply,Height/location modifiers are non-essential to the general shelf class, function/content-specific shelves remain separate.
shower soap shelf,shower shelf,,,
shower stall,shower,,,
shower step,shower,,,
shower tap,faucet,apply,Tap/faucet synonyms with location modifiers, same general water-control fixture.
shower tray,shower base,,,
shower tub,shower,,,
shower utensil,bathroom utensil,apply,Room/location wording variants for the same generic bathroom-utensil label.,
shower valve,shower control,,,
shower-bath cabinet,shower,,,
showerhead,shower,,,
shredder,shredder,,,
shutter,window shade,,,
shutters,shutter,apply,Singular/plural normalization.,
side table,side table,,,
sideboard,sideboard,,,
sign,sign,,,
silicone gun,silicone gun,,,
silicone tube,silicone tube,,,
sink,sink,,,
sink cabinet,cabinet,,,
sink table,sink,,,
sink tap,faucet,apply,Tap/faucet synonyms with location modifiers, same general water-control fixture.
sink/basin,sink,apply,Room/shape wording and common synonym, same general sink/washbasin fixture.
sitting bench,bench,apply,Material/location/generic-use modifiers, specialized functional benches remain distinct.
skateboard,skateboard,,,
skates,skates,,,
ski,ski,,,
sky,sky,,,
sled,sled,,,
sledge,sled,,,
sleeping bag,sleeping bag,,,
slippers,shoe,,,
small table/stand,side table,,,
smoke alarm,smoke detector,,,
smoke detector,smoke detector,,,
snack,snack,,,
soap,soap,,,
soap bottle,soap,,,
soap dish,soap,,,
soap dish cubby,soap,,,
soap dispenser,soap,,,
soap dispenser shelf in shower,soap dispenser,,,
soap tray,soap,,,
soapbox,soap,,,
socket,outlet,,,
socks,socks,,,
sofa,sofa,,,
sofa chair,chair,,,
sofa seat,sofa,,,
sofa set,sofa,apply,Common synonym plus shape/quantity modifiers, same general sofa class.
soft chair,chair,,,
solarium,solarium,,,
sombrero,hat,,,
soundbar,speaker,,,
spa armchair,armchair,apply,"Size, quantity, or placement/context modifier; all are armchairs.",
spa bathtub,bathtub,apply,Spacing and location/style modifier, same general bathtub object.
spa bench,bench,apply,Material/location/generic-use modifiers, specialized functional benches remain distinct.
spatula,kitchen utensil,,,
speaker,speaker,,,
speaker stand,speaker stand,,,
spice boxes,spices,,,
spice rack,spices,,,
spices,spices,,,
spirit level,level,,,
sponge,sponge,,,
spoon,cutlery,,,
spray,spray can,,,
spray can,spray can,,,
sprinkler,sprinkler,,,
square,square,,,
stack,stack,,,
stack of albums,album,apply,Plurality/quantity does not change the object class.,
stack of bags,bag,apply,"Plurality, size, material, or quantity is non-essential to the general bag class.",
stack of binders,binder,apply,Plurality/quantity does not change the object class.,
stack of blankets,blanket,apply,Plurality/quantity and style/use modifier, same general blanket class.
stack of books,book,apply,Quantity does not change the object class.,
stack of books / papers,stack of books / papers,,,
stack of boxes,box,apply,"Material, contents, plurality, or quantity do not change the general box class; dedicated functional boxes are kept separate.",
stack of cds,cd,apply,Plurality/quantity does not change the object class.,
stack of chairs,chair,apply,"Context, shape, fold/state, and quantity modifiers are non-essential to the general chair class.",
stack of clothes,clothes,apply,State/location/quantity modifiers do not change the clothing class.,
stack of files,file,apply,Quantity does not change the object class.,
stack of jackets,jacket,apply,Quantity does not change the object class.,
stack of magazines,magazine,apply,Plurality/quantity does not change the object class.,
stack of music stands,music stand,apply,Quantity and wording variant, both refer to stands for sheet music.
stack of papers,paper,apply,Plurality/quantity does not change the class.,
stack of pillows,pillow,apply,Quantity does not change the object class.,
stack of plates,plate,apply,"Plurality, quantity, and decorative style are non-essential; non-dish plates such as steel plate remain separate.",
stack of pots,pot,apply,Quantity does not change the object class.,
stack of product boxes,box,apply,"Material, contents, plurality, or quantity do not change the general box class; dedicated functional boxes are kept separate.",
stack of shoes,shoe,apply,Plurality/quantity/location state does not change the shoe class.,
stack of stuff,stack of stuff,,,
stack of t-shirts,t-shirt,apply,Quantity does not change the object class.,
stack of towels,towel,apply,"Plurality, quantity, and location/use modifiers are non-essential to the general towel class; paper towels remain separate.",
stack of trays,tray,apply,Style/quantity modifiers are non-essential, functional tray subtypes remain distinct.
stack of yarns,stack of yarns,,,
stacked chair,chair,apply,"Context, shape, fold/state, and quantity modifiers are non-essential to the general chair class.",
stage,stage,,,
stained glass,stained glass,,,
stand,stand,,,
stand/small table,side table,,,
stapler,stationery,,,
star,star,,,
stationery,stationery,,,
statue,sculpture,,,
statue/art,sculpture,,,
steel plate,steel plate,,,
step stool,step stool,,,
stereo,audio player,,,
stereo set,stereo,,,
stick,stick,,,
sticker book,book,,,
sticky notes,stationery,,,
stole,clothes,,,
stone,stone,,,
stone bench,bench,apply,Material/location/generic-use modifiers, specialized functional benches remain distinct.
stones,stone,apply,Singular/plural normalization.,
stonework,stonework,,,
stool,stool,,,
stools,stool,apply,Singular/plural normalization.,
storage,storage,,,
storage bin,storage,,,
storage box,box,,,
storage cabinet,cabinet,,,
storage shelving,shelf,,,
storage space,storage,,,
storage unit,storage,,,
stove,oven,,,
stovetop,stove,,,
strings,strings,,,
stroke,stroke,,,
strongbox,safe,,,
stuffed animal,toy,,,
subwoofer,speaker,,,
sunbed,sunbed,,,
support,support,,,
surface,surface,,,
surfboard,surfboard,,,
swing,swing,,,
switch,switch,,,
swivel chair,chair,,,
t-shirt,clothes,,,
table,table,,,
table cloth,table cloth,,,
table lamp,lamp,apply,Placement/style modifiers are non-essential to the general lamp class, specialized functional lamp types remain distinct.
table pad,table pad,,,
table stand,table stand,,,
table tennis table,table tennis table,,,
tablet,tablet,,,
tambourine,tambourine,,,
tank,water tank,,,
tap,faucet,apply,Tap/faucet synonyms with location modifiers, same general water-control fixture.
tapestry,artwork,,,
tea set,tea set,,,
teapot,kettle,,,
telephone,phone,,,
telescope,telescope,,,
tennis racket,tennis racket,,,
tent,tent,,,
thermometer,thermometer,,,
thermostat,thermostat,,,
three,three,,,
throw blanket,blanket,apply,Plurality/quantity and style/use modifier, same general blanket class.
tile,tile,,,
tiles,tile,apply,Singular/plural normalization.,
tire,tire,,,
tissue,tissue,,,
tissue box,tissue,,,
title,title,,,
toaster,toaster,,,
toaster oven,toaster oven,,,
toilet,toilet,,,
toilet brush,toilet brush,,,
toilet brush holder,toilet brush,,,
toilet cleaner,toilet cleaner,,,
toilet paper,toilet paper,,,
toilet paper dispenser,toilet paper,,,
toilet seat,toilet,,,
toiletry,toiletry,,,
toiletry bag,bag,,,
tool,tool,,,
tool box,tool rack,,,
tool rack,tool rack,,,
toothbrush,toothbrush,,,
toothpaste,toothpaste,,,
torch,flashlight,,,
towel,towel,,,
towel bar,towel bar,,,
towel ring,towel bar,,,
toy,toy,,,
traffic cone,traffic cone,,,
training mat,exercise mat,apply,Usage/context modifiers are non-essential to the general exercise-mat class.,
trampoline,trampoline,,,
trash bag,trash bag,,,
trash can,bin,,,
trashcan,trash can,apply,Spacing/common synonym normalization.,
tray,tray,,,
treadmill,treadmill,,,
tree,tree,,,
tree branch,tree branch,,,
trimmer,trimmer,,,
trinket,decoration,,,
tripod,tripod,,,
trolley,trolley,,,
trombone,trombone,,,
trophy,trophy,,,
trough,trough,,,
trumpet,trumpet,,,
tv,tv,,,
tv remote,remote control,apply,Device-context modifier, same remote-control object.
tv stand,tv stand,,,
typewriter,typewriter,,,
ukulele,ukulele,,,
umbrella,umbrella,,,
umbrella stand,umbrella stand,,,
unknown,unknown,,,
unknown/remove,unknown,,,
urinal,toilet,,,
utensil,kitchen utensil,,,
vacuum cleaner,vacuum cleaner,,,
vanity,vanity,,,
vase,vase,,,
vegetables,vegetables,,,
ventilation hood,extractor hood,apply,Common names/location wording for the same kitchen extraction appliance.,
vessel,vessel,,,
vessel sink,sink,apply,Room/shape wording and common synonym, same general sink/washbasin fixture.
vinyl records,vinyl records,,,
violin,violin,,,
violin case,violin case,,,
waffle iron,waffle iron,,,
wall cabinet,cabinet,,,
wall clock,clock,apply,Style/mounting-location modifiers are non-essential, functional clock subtypes are kept separate.
wall control,controller,,,
wall electronics,electrical device,,,
wall hanger,hanger,,,
wall hanging decoration,decoration,,,
wall lamp,lamp,apply,Placement/style modifiers are non-essential to the general lamp class, specialized functional lamp types remain distinct.
wall shelf,shelf,apply,Height/location modifiers are non-essential to the general shelf class, function/content-specific shelves remain separate.
wall sign,sign,,,
wall soap shelf,soap,,,
wall statue,sculpture,,,
wall toilet paper,toilet paper,,,
wall tv,tv,apply,Display technology and mounting-location modifiers are non-essential.,
wardrobe,wardrobe,,,
wash cabinet,cabinet,,,
washbasin,sink,apply,Room/shape wording and common synonym, same general sink/washbasin fixture.
washbasin counter,sink,,,
washcloth,towel,,,
washer-dryer,washing machine,,,
washing machine,washing machine,,,
washing machine and dryer,washer-dryer,apply,Equivalent wording for the same combined appliance.,
washing powder,washing powder,,,
washing stuff,washing stuff,,,
watch,watch,,,
water basin,sink,,,
water bottle,bottle,,,
water dispenser,water dispenser,,,
water fountain,water dispenser,,,
water heater,water heater,,,
water meter,water meter,,,
water outlet,faucet,,,
water pump,water pump,,,
water tank,water tank,,,
watering can,watering can,,,
weight,weight,,,
weight bench,weight bench,,,
weights,weights,apply,Singular/plural normalization.,
wheel,wheel,,,
wheelbarrow,wheelbarrow,,,
whine shelf,shelf,,,
whiteboard,board,,,
wifi router,router,apply,Connectivity modifier is non-essential to the general router class.,
window curtain,curtain,,,
window seat,chair,,,
window shade,window shade,,,
window valence,curtain,,,
wine,wine,,,
wine bottle,wine,apply,"Content, decoration, and plurality describe the bottle rather than a different underlying object class.",
wine cabinet,wine storage,,,
wine rack,wine storage,,,
wine storage,wine storage,,,
wire,cable,,,
wood,wood,,,
workout bike,exercise bike,apply,Common synonyms for the same exercise machine.,
workstation,desk,,,
worktop,countertop,,,
wreath,decoration,,,
wrench,wrench,,,
yoga mat,exercise mat,,,
